Model,N_Train_Paths,Run,Init,Test_Error
Naive FFNN,1,0,0,12.671341896057129
PANN,1,0,0,0.02295665629208088
Naive FFNN,5,0,0,14.39352035522461
PANN,5,0,0,0.3415583670139313
Naive FFNN,10,0,0,12.729593276977539
PANN,10,0,0,0.15719617903232574
Naive FFNN,15,0,0,10.654753684997559
PANN,15,0,0,0.037819355726242065
Naive FFNN,20,0,0,7.720494270324707
PANN,20,0,0,0.02026788704097271
Naive FFNN,25,0,0,11.875221252441406
PANN,25,0,0,0.18856604397296906
Naive FFNN,30,0,0,7.094283580780029
PANN,30,0,0,0.2743982970714569
Naive FFNN,35,0,0,6.820394039154053
PANN,35,0,0,0.16959717869758606
Naive FFNN,40,0,0,8.333525657653809
PANN,40,0,0,0.035160571336746216
Naive FFNN,45,0,0,5.005020618438721
PANN,45,0,0,0.020982690155506134
Naive FFNN,50,0,0,5.307723045349121
PANN,50,0,0,0.047674961388111115
Naive FFNN,55,0,0,4.7418317794799805
PANN,55,0,0,0.035160258412361145
Naive FFNN,60,0,0,3.4823977947235107
PANN,60,0,0,0.035565104335546494
Naive FFNN,65,0,0,4.312468528747559
PANN,65,0,0,0.039289023727178574
Naive FFNN,70,0,0,3.728163957595825
PANN,70,0,0,0.05425652861595154
Naive FFNN,75,0,0,3.4452123641967773
PANN,75,0,0,0.05059032514691353
Naive FFNN,80,0,0,3.6263809204101562
PANN,80,0,0,0.023464560508728027
Naive FFNN,85,0,0,2.973536968231201
PANN,85,0,0,0.05577602982521057
Naive FFNN,90,0,0,2.7233850955963135
PANN,90,0,0,0.029528340324759483
Naive FFNN,95,0,0,3.245116949081421
PANN,95,0,0,0.018855387344956398
Naive FFNN,1,0,1,13.367325782775879
PANN,1,0,1,0.027671342715620995
Naive FFNN,5,0,1,13.971458435058594
PANN,5,0,1,0.41424763202667236
Naive FFNN,10,0,1,12.921674728393555
PANN,10,0,1,0.1698678433895111
Naive FFNN,15,0,1,12.321267127990723
PANN,15,0,1,0.026566721498966217
Naive FFNN,20,0,1,9.699329376220703
PANN,20,0,1,0.02610471285879612
Naive FFNN,25,0,1,10.233981132507324
PANN,25,0,1,0.16915667057037354
Naive FFNN,30,0,1,6.470065593719482
PANN,30,0,1,0.37842094898223877
Naive FFNN,35,0,1,6.771455764770508
PANN,35,0,1,0.18274524807929993
Naive FFNN,40,0,1,6.858543872833252
PANN,40,0,1,0.0288546085357666
Naive FFNN,45,0,1,7.075692653656006
PANN,45,0,1,0.03265901654958725
Naive FFNN,50,0,1,6.681439399719238
PANN,50,0,1,0.01938025839626789
Naive FFNN,55,0,1,3.7545166015625
PANN,55,0,1,0.034171365201473236
Naive FFNN,60,0,1,5.14641809463501
PANN,60,0,1,0.04410475492477417
Naive FFNN,65,0,1,3.5249109268188477
PANN,65,0,1,0.06555779278278351
Naive FFNN,70,0,1,3.9039711952209473
PANN,70,0,1,0.0309177003800869
Naive FFNN,75,0,1,4.863177299499512
PANN,75,0,1,0.04051203653216362
Naive FFNN,80,0,1,3.787153959274292
PANN,80,0,1,0.031273748725652695
Naive FFNN,85,0,1,4.949036598205566
PANN,85,0,1,0.0601140633225441
Naive FFNN,90,0,1,2.983293294906616
PANN,90,0,1,0.025223275646567345
Naive FFNN,95,0,1,2.701986312866211
PANN,95,0,1,0.02335522510111332
Naive FFNN,1,0,2,15.15233325958252
PANN,1,0,2,0.02951388992369175
Naive FFNN,5,0,2,14.300820350646973
PANN,5,0,2,0.32862988114356995
Naive FFNN,10,0,2,13.872148513793945
PANN,10,0,2,0.13165928423404694
Naive FFNN,15,0,2,14.359550476074219
PANN,15,0,2,0.07187565416097641
Naive FFNN,20,0,2,10.209159851074219
PANN,20,0,2,0.02744716964662075
Naive FFNN,25,0,2,12.544365882873535
PANN,25,0,2,0.27437976002693176
Naive FFNN,30,0,2,9.774884223937988
PANN,30,0,2,0.4380200505256653
Naive FFNN,35,0,2,8.834717750549316
PANN,35,0,2,0.12110070139169693
Naive FFNN,40,0,2,7.678298473358154
PANN,40,0,2,0.032554253935813904
Naive FFNN,45,0,2,5.05840539932251
PANN,45,0,2,0.06465400755405426
Naive FFNN,50,0,2,4.942521095275879
PANN,50,0,2,0.05382165685296059
Naive FFNN,55,0,2,3.2436654567718506
PANN,55,0,2,0.047875888645648956
Naive FFNN,60,0,2,4.294044017791748
PANN,60,0,2,0.028690140694379807
Naive FFNN,65,0,2,4.618646144866943
PANN,65,0,2,0.027992453426122665
Naive FFNN,70,0,2,3.8499810695648193
PANN,70,0,2,0.036086369305849075
Naive FFNN,75,0,2,3.074320077896118
PANN,75,0,2,0.03618953749537468
Naive FFNN,80,0,2,3.834367036819458
PANN,80,0,2,0.03204245865345001
Naive FFNN,85,0,2,3.364784002304077
PANN,85,0,2,0.03877132758498192
Naive FFNN,90,0,2,3.796807050704956
PANN,90,0,2,0.033923666924238205
Naive FFNN,95,0,2,3.459030866622925
PANN,95,0,2,0.0390513651072979
Naive FFNN,1,0,3,14.32834243774414
PANN,1,0,3,0.04090168699622154
Naive FFNN,5,0,3,12.895227432250977
PANN,5,0,3,0.3215719759464264
Naive FFNN,10,0,3,12.595053672790527
PANN,10,0,3,0.22753262519836426
Naive FFNN,15,0,3,11.15699577331543
PANN,15,0,3,0.055260248482227325
Naive FFNN,20,0,3,8.306742668151855
PANN,20,0,3,0.023995358496904373
Naive FFNN,25,0,3,10.107817649841309
PANN,25,0,3,0.1787990927696228
Naive FFNN,30,0,3,9.098444938659668
PANN,30,0,3,0.29498377442359924
Naive FFNN,35,0,3,8.02380084991455
PANN,35,0,3,0.12667150795459747
Naive FFNN,40,0,3,7.2708420753479
PANN,40,0,3,0.03135630488395691
Naive FFNN,45,0,3,5.386033058166504
PANN,45,0,3,0.025445152074098587
Naive FFNN,50,0,3,5.0434160232543945
PANN,50,0,3,0.026691261678934097
Naive FFNN,55,0,3,4.108506202697754
PANN,55,0,3,0.05510982125997543
Naive FFNN,60,0,3,4.379913806915283
PANN,60,0,3,0.05055245757102966
Naive FFNN,65,0,3,4.095082759857178
PANN,65,0,3,0.03776935487985611
Naive FFNN,70,0,3,3.760908603668213
PANN,70,0,3,0.027082977816462517
Naive FFNN,75,0,3,3.379209518432617
PANN,75,0,3,0.05334940180182457
Naive FFNN,80,0,3,3.9586238861083984
PANN,80,0,3,0.035316433757543564
Naive FFNN,85,0,3,3.852728843688965
PANN,85,0,3,0.03353836387395859
Naive FFNN,90,0,3,2.994455099105835
PANN,90,0,3,0.026582617312669754
Naive FFNN,95,0,3,3.8321239948272705
PANN,95,0,3,0.02291819453239441
Naive FFNN,1,0,4,13.744646072387695
PANN,1,0,4,0.020875679329037666
Naive FFNN,5,0,4,13.449711799621582
PANN,5,0,4,0.21583008766174316
Naive FFNN,10,0,4,13.263686180114746
PANN,10,0,4,0.174289733171463
Naive FFNN,15,0,4,11.718768119812012
PANN,15,0,4,0.026846593245863914
Naive FFNN,20,0,4,11.331721305847168
PANN,20,0,4,0.02208142913877964
Naive FFNN,25,0,4,9.820643424987793
PANN,25,0,4,0.2867180109024048
Naive FFNN,30,0,4,7.008548736572266
PANN,30,0,4,0.4230605661869049
Naive FFNN,35,0,4,7.327721118927002
PANN,35,0,4,0.09749733656644821
Naive FFNN,40,0,4,6.486188888549805
PANN,40,0,4,0.031264904886484146
Naive FFNN,45,0,4,5.6065497398376465
PANN,45,0,4,0.025716455653309822
Naive FFNN,50,0,4,5.528412818908691
PANN,50,0,4,0.03488188236951828
Naive FFNN,55,0,4,3.811500310897827
PANN,55,0,4,0.03575049340724945
Naive FFNN,60,0,4,5.923393249511719
PANN,60,0,4,0.03576614335179329
Naive FFNN,65,0,4,4.702350616455078
PANN,65,0,4,0.043319642543792725
Naive FFNN,70,0,4,4.688881874084473
PANN,70,0,4,0.09632968157529831
Naive FFNN,75,0,4,2.8751962184906006
PANN,75,0,4,0.025526924058794975
Naive FFNN,80,0,4,3.0263261795043945
PANN,80,0,4,0.04472329840064049
Naive FFNN,85,0,4,2.5658504962921143
PANN,85,0,4,0.04466894641518593
Naive FFNN,90,0,4,2.399205207824707
PANN,90,0,4,0.07844675332307816
Naive FFNN,95,0,4,3.162473440170288
PANN,95,0,4,0.01860237680375576
Naive FFNN,1,1,0,12.649660110473633
PANN,1,1,0,0.394258588552475
Naive FFNN,5,1,0,10.916844367980957
PANN,5,1,0,0.03902352601289749
Naive FFNN,10,1,0,14.664799690246582
PANN,10,1,0,0.4242282211780548
Naive FFNN,15,1,0,12.127443313598633
PANN,15,1,0,0.027955658733844757
Naive FFNN,20,1,0,10.946415901184082
PANN,20,1,0,0.19849196076393127
Naive FFNN,25,1,0,10.411332130432129
PANN,25,1,0,0.039801158010959625
Naive FFNN,30,1,0,7.838509559631348
PANN,30,1,0,0.047118112444877625
Naive FFNN,35,1,0,6.814154624938965
PANN,35,1,0,0.03824650123715401
Naive FFNN,40,1,0,5.8063764572143555
PANN,40,1,0,0.02261453866958618
Naive FFNN,45,1,0,5.292677402496338
PANN,45,1,0,0.03346240147948265
Naive FFNN,50,1,0,4.555549621582031
PANN,50,1,0,0.03344110772013664
Naive FFNN,55,1,0,4.723879814147949
PANN,55,1,0,0.03105567768216133
Naive FFNN,60,1,0,4.406034469604492
PANN,60,1,0,0.023804746568202972
Naive FFNN,65,1,0,4.1826581954956055
PANN,65,1,0,0.019701452925801277
Naive FFNN,70,1,0,5.095709323883057
PANN,70,1,0,0.06867289543151855
Naive FFNN,75,1,0,3.277327537536621
PANN,75,1,0,0.027906551957130432
Naive FFNN,80,1,0,4.072157382965088
PANN,80,1,0,0.03251022845506668
Naive FFNN,85,1,0,3.1785759925842285
PANN,85,1,0,0.02293955534696579
Naive FFNN,90,1,0,2.8111119270324707
PANN,90,1,0,0.024573950096964836
Naive FFNN,95,1,0,3.484640598297119
PANN,95,1,0,0.025345806032419205
Naive FFNN,1,1,1,14.171273231506348
PANN,1,1,1,0.3709110617637634
Naive FFNN,5,1,1,10.418010711669922
PANN,5,1,1,0.027142120525240898
Naive FFNN,10,1,1,13.159294128417969
PANN,10,1,1,0.4599798917770386
Naive FFNN,15,1,1,10.754053115844727
PANN,15,1,1,0.04749045893549919
Naive FFNN,20,1,1,9.755556106567383
PANN,20,1,1,0.22475089132785797
Naive FFNN,25,1,1,8.854703903198242
PANN,25,1,1,0.03093443252146244
Naive FFNN,30,1,1,9.783106803894043
PANN,30,1,1,0.04606223478913307
Naive FFNN,35,1,1,7.158352375030518
PANN,35,1,1,0.04195473715662956
Naive FFNN,40,1,1,6.081531524658203
PANN,40,1,1,0.055057093501091
Naive FFNN,45,1,1,7.822554588317871
PANN,45,1,1,0.08297128230333328
Naive FFNN,50,1,1,4.950898170471191
PANN,50,1,1,0.0442105196416378
Naive FFNN,55,1,1,5.1284074783325195
PANN,55,1,1,0.018191104754805565
Naive FFNN,60,1,1,6.085402488708496
PANN,60,1,1,0.03409305214881897
Naive FFNN,65,1,1,3.8080759048461914
PANN,65,1,1,0.02859993278980255
Naive FFNN,70,1,1,3.612450361251831
PANN,70,1,1,0.059014927595853806
Naive FFNN,75,1,1,3.0697383880615234
PANN,75,1,1,0.021895702928304672
Naive FFNN,80,1,1,5.693704605102539
PANN,80,1,1,0.027940887957811356
Naive FFNN,85,1,1,3.4113759994506836
PANN,85,1,1,0.021066969260573387
Naive FFNN,90,1,1,2.8361306190490723
PANN,90,1,1,0.028385819867253304
Naive FFNN,95,1,1,2.6890525817871094
PANN,95,1,1,0.04574592038989067
Naive FFNN,1,1,2,14.069962501525879
PANN,1,1,2,0.18790502846240997
Naive FFNN,5,1,2,10.644411087036133
PANN,5,1,2,0.05000114068388939
Naive FFNN,10,1,2,13.968223571777344
PANN,10,1,2,0.5467974543571472
Naive FFNN,15,1,2,10.553747177124023
PANN,15,1,2,0.023182924836874008
Naive FFNN,20,1,2,10.683810234069824
PANN,20,1,2,0.5952717661857605
Naive FFNN,25,1,2,10.729591369628906
PANN,25,1,2,0.02948039025068283
Naive FFNN,30,1,2,8.89310359954834
PANN,30,1,2,0.06683718413114548
Naive FFNN,35,1,2,6.652064800262451
PANN,35,1,2,0.03005504608154297
Naive FFNN,40,1,2,5.34254789352417
PANN,40,1,2,0.03290167078375816
Naive FFNN,45,1,2,6.177803039550781
PANN,45,1,2,0.02987528033554554
Naive FFNN,50,1,2,4.55482816696167
PANN,50,1,2,0.03254810348153114
Naive FFNN,55,1,2,4.821081638336182
PANN,55,1,2,0.04433182626962662
Naive FFNN,60,1,2,4.645264148712158
PANN,60,1,2,0.04251065477728844
Naive FFNN,65,1,2,4.0646748542785645
PANN,65,1,2,0.024153267964720726
Naive FFNN,70,1,2,4.8609514236450195
PANN,70,1,2,0.05432888865470886
Naive FFNN,75,1,2,2.739069700241089
PANN,75,1,2,0.02735074609518051
Naive FFNN,80,1,2,4.450319766998291
PANN,80,1,2,0.045555636286735535
Naive FFNN,85,1,2,3.648672580718994
PANN,85,1,2,0.022812020033597946
Naive FFNN,90,1,2,2.699162244796753
PANN,90,1,2,0.02178662084043026
Naive FFNN,95,1,2,2.5930120944976807
PANN,95,1,2,0.04250410944223404
Naive FFNN,1,1,3,12.49102783203125
PANN,1,1,3,0.36884474754333496
Naive FFNN,5,1,3,10.196718215942383
PANN,5,1,3,0.024369196966290474
Naive FFNN,10,1,3,12.633217811584473
PANN,10,1,3,0.6047878861427307
Naive FFNN,15,1,3,11.523173332214355
PANN,15,1,3,0.03441834822297096
Naive FFNN,20,1,3,11.129864692687988
PANN,20,1,3,0.4045621454715729
Naive FFNN,25,1,3,9.026229858398438
PANN,25,1,3,0.038754720240831375
Naive FFNN,30,1,3,7.929022789001465
PANN,30,1,3,0.037458714097738266
Naive FFNN,35,1,3,8.498321533203125
PANN,35,1,3,0.030150454491376877
Naive FFNN,40,1,3,6.481247901916504
PANN,40,1,3,0.028809957206249237
Naive FFNN,45,1,3,4.857518672943115
PANN,45,1,3,0.06194170191884041
Naive FFNN,50,1,3,5.31770658493042
PANN,50,1,3,0.03429626300930977
Naive FFNN,55,1,3,5.716784477233887
PANN,55,1,3,0.018240364268422127
Naive FFNN,60,1,3,6.011608600616455
PANN,60,1,3,0.03147076815366745
Naive FFNN,65,1,3,3.9682528972625732
PANN,65,1,3,0.021734194830060005
Naive FFNN,70,1,3,4.610038757324219
PANN,70,1,3,0.08232235908508301
Naive FFNN,75,1,3,3.2140719890594482
PANN,75,1,3,0.029013896360993385
Naive FFNN,80,1,3,4.1187872886657715
PANN,80,1,3,0.03199771046638489
Naive FFNN,85,1,3,4.085784912109375
PANN,85,1,3,0.024127352982759476
Naive FFNN,90,1,3,2.9966657161712646
PANN,90,1,3,0.023459572345018387
Naive FFNN,95,1,3,2.3435966968536377
PANN,95,1,3,0.03664509207010269
Naive FFNN,1,1,4,13.185312271118164
PANN,1,1,4,0.30610543489456177
Naive FFNN,5,1,4,12.42659854888916
PANN,5,1,4,0.0575326532125473
Naive FFNN,10,1,4,16.54892349243164
PANN,10,1,4,0.4300213158130646
Naive FFNN,15,1,4,12.84751033782959
PANN,15,1,4,0.03447278216481209
Naive FFNN,20,1,4,9.84633731842041
PANN,20,1,4,0.4300176501274109
Naive FFNN,25,1,4,11.667872428894043
PANN,25,1,4,0.039940934628248215
Naive FFNN,30,1,4,10.843013763427734
PANN,30,1,4,0.03519284725189209
Naive FFNN,35,1,4,6.269721508026123
PANN,35,1,4,0.03725973889231682
Naive FFNN,40,1,4,6.405126094818115
PANN,40,1,4,0.04927509278059006
Naive FFNN,45,1,4,5.365241050720215
PANN,45,1,4,0.03024144098162651
Naive FFNN,50,1,4,5.02568244934082
PANN,50,1,4,0.052093278616666794
Naive FFNN,55,1,4,3.475099563598633
PANN,55,1,4,0.02687699720263481
Naive FFNN,60,1,4,4.39968729019165
PANN,60,1,4,0.06508266180753708
Naive FFNN,65,1,4,3.391481399536133
PANN,65,1,4,0.025352710857987404
Naive FFNN,70,1,4,4.367480754852295
PANN,70,1,4,0.06631795316934586
Naive FFNN,75,1,4,2.8759377002716064
PANN,75,1,4,0.01985851116478443
Naive FFNN,80,1,4,3.473477363586426
PANN,80,1,4,0.030785376206040382
Naive FFNN,85,1,4,3.4653685092926025
PANN,85,1,4,0.04080831632018089
Naive FFNN,90,1,4,2.7109062671661377
PANN,90,1,4,0.03011048398911953
Naive FFNN,95,1,4,3.33161997795105
PANN,95,1,4,0.06441628932952881
Naive FFNN,1,2,0,13.204856872558594
PANN,1,2,0,0.5659430027008057
Naive FFNN,5,2,0,11.456727981567383
PANN,5,2,0,0.0295210313051939
Naive FFNN,10,2,0,12.144758224487305
PANN,10,2,0,0.7712147831916809
Naive FFNN,15,2,0,17.35159683227539
PANN,15,2,0,0.035089705139398575
Naive FFNN,20,2,0,17.743701934814453
PANN,20,2,0,0.03536136448383331
Naive FFNN,25,2,0,8.392437934875488
PANN,25,2,0,0.15185333788394928
Naive FFNN,30,2,0,7.489723205566406
PANN,30,2,0,0.05301462858915329
Naive FFNN,35,2,0,7.937232494354248
PANN,35,2,0,0.03210851550102234
Naive FFNN,40,2,0,9.036795616149902
PANN,40,2,0,0.0260298028588295
Naive FFNN,45,2,0,5.507387161254883
PANN,45,2,0,0.03429587930440903
Naive FFNN,50,2,0,6.023666858673096
PANN,50,2,0,0.023473381996154785
Naive FFNN,55,2,0,4.392071723937988
PANN,55,2,0,0.047792669385671616
Naive FFNN,60,2,0,3.7449758052825928
PANN,60,2,0,0.04184192419052124
Naive FFNN,65,2,0,3.2365169525146484
PANN,65,2,0,0.019811946898698807
Naive FFNN,70,2,0,4.493185520172119
PANN,70,2,0,0.026214556768536568
Naive FFNN,75,2,0,2.9568915367126465
PANN,75,2,0,0.05071452632546425
Naive FFNN,80,2,0,2.6050684452056885
PANN,80,2,0,0.029279675334692
Naive FFNN,85,2,0,2.9270925521850586
PANN,85,2,0,0.04207928851246834
Naive FFNN,90,2,0,2.9476003646850586
PANN,90,2,0,0.04426979646086693
Naive FFNN,95,2,0,3.6305811405181885
PANN,95,2,0,0.039250362664461136
Naive FFNN,1,2,1,11.295815467834473
PANN,1,2,1,0.48439422249794006
Naive FFNN,5,2,1,13.410305976867676
PANN,5,2,1,0.024552220478653908
Naive FFNN,10,2,1,12.290379524230957
PANN,10,2,1,0.9532933831214905
Naive FFNN,15,2,1,10.84131145477295
PANN,15,2,1,0.02669091336429119
Naive FFNN,20,2,1,13.77643871307373
PANN,20,2,1,0.053535137325525284
Naive FFNN,25,2,1,8.229506492614746
PANN,25,2,1,0.1482124924659729
Naive FFNN,30,2,1,7.982853889465332
PANN,30,2,1,0.04635037109255791
Naive FFNN,35,2,1,7.656025409698486
PANN,35,2,1,0.03348700702190399
Naive FFNN,40,2,1,8.070947647094727
PANN,40,2,1,0.02397783286869526
Naive FFNN,45,2,1,4.4164605140686035
PANN,45,2,1,0.05169546231627464
Naive FFNN,50,2,1,5.93462610244751
PANN,50,2,1,0.026372091844677925
Naive FFNN,55,2,1,4.8094940185546875
PANN,55,2,1,0.027420660480856895
Naive FFNN,60,2,1,3.897916316986084
PANN,60,2,1,0.027125127613544464
Naive FFNN,65,2,1,3.1983911991119385
PANN,65,2,1,0.025799967348575592
Naive FFNN,70,2,1,3.9249682426452637
PANN,70,2,1,0.0855870246887207
Naive FFNN,75,2,1,2.754460096359253
PANN,75,2,1,0.046438563615083694
Naive FFNN,80,2,1,3.063901662826538
PANN,80,2,1,0.04870348051190376
Naive FFNN,85,2,1,2.9302783012390137
PANN,85,2,1,0.03760123625397682
Naive FFNN,90,2,1,5.016653537750244
PANN,90,2,1,0.029714591801166534
Naive FFNN,95,2,1,2.9511899948120117
PANN,95,2,1,0.06389165669679642
Naive FFNN,1,2,2,13.118274688720703
PANN,1,2,2,0.7001962065696716
Naive FFNN,5,2,2,14.37939167022705
PANN,5,2,2,0.02595711126923561
Naive FFNN,10,2,2,12.133967399597168
PANN,10,2,2,0.5619049668312073
Naive FFNN,15,2,2,13.239133834838867
PANN,15,2,2,0.025533217936754227
Naive FFNN,20,2,2,11.852946281433105
PANN,20,2,2,0.02723735198378563
Naive FFNN,25,2,2,7.441020965576172
PANN,25,2,2,0.2236802726984024
Naive FFNN,30,2,2,9.992875099182129
PANN,30,2,2,0.03851453587412834
Naive FFNN,35,2,2,8.764511108398438
PANN,35,2,2,0.048998504877090454
Naive FFNN,40,2,2,6.020204067230225
PANN,40,2,2,0.02384907566010952
Naive FFNN,45,2,2,5.119136333465576
PANN,45,2,2,0.023638617247343063
Naive FFNN,50,2,2,4.457375526428223
PANN,50,2,2,0.035504650324583054
Naive FFNN,55,2,2,5.354746341705322
PANN,55,2,2,0.043053336441516876
Naive FFNN,60,2,2,4.366882801055908
PANN,60,2,2,0.04225318878889084
Naive FFNN,65,2,2,4.274561405181885
PANN,65,2,2,0.02091481164097786
Naive FFNN,70,2,2,4.912259101867676
PANN,70,2,2,0.04064708948135376
Naive FFNN,75,2,2,2.864779233932495
PANN,75,2,2,0.04090284928679466
Naive FFNN,80,2,2,3.0098485946655273
PANN,80,2,2,0.05249953642487526
Naive FFNN,85,2,2,2.9741876125335693
PANN,85,2,2,0.04482182115316391
Naive FFNN,90,2,2,4.143702507019043
PANN,90,2,2,0.043558236211538315
Naive FFNN,95,2,2,3.077197790145874
PANN,95,2,2,0.06317636370658875
Naive FFNN,1,2,3,13.652310371398926
PANN,1,2,3,0.5632820725440979
Naive FFNN,5,2,3,11.437335968017578
PANN,5,2,3,0.02877112105488777
Naive FFNN,10,2,3,12.344706535339355
PANN,10,2,3,0.9984106421470642
Naive FFNN,15,2,3,10.535104751586914
PANN,15,2,3,0.02656683698296547
Naive FFNN,20,2,3,14.399608612060547
PANN,20,2,3,0.022741975262761116
Naive FFNN,25,2,3,9.801905632019043
PANN,25,2,3,0.18146494030952454
Naive FFNN,30,2,3,8.858792304992676
PANN,30,2,3,0.03397270292043686
Naive FFNN,35,2,3,8.172836303710938
PANN,35,2,3,0.04570028930902481
Naive FFNN,40,2,3,6.318302631378174
PANN,40,2,3,0.02613554708659649
Naive FFNN,45,2,3,4.830707550048828
PANN,45,2,3,0.04395197331905365
Naive FFNN,50,2,3,6.960958003997803
PANN,50,2,3,0.03469158709049225
Naive FFNN,55,2,3,3.556702136993408
PANN,55,2,3,0.026080233976244926
Naive FFNN,60,2,3,4.717156410217285
PANN,60,2,3,0.048291441053152084
Naive FFNN,65,2,3,3.80702543258667
PANN,65,2,3,0.031159285455942154
Naive FFNN,70,2,3,3.9900944232940674
PANN,70,2,3,0.02066386304795742
Naive FFNN,75,2,3,3.5897467136383057
PANN,75,2,3,0.04824584349989891
Naive FFNN,80,2,3,3.5510928630828857
PANN,80,2,3,0.029176171869039536
Naive FFNN,85,2,3,3.241694688796997
PANN,85,2,3,0.05231340602040291
Naive FFNN,90,2,3,4.062510013580322
PANN,90,2,3,0.031125187873840332
Naive FFNN,95,2,3,3.2077465057373047
PANN,95,2,3,0.04191046580672264
Naive FFNN,1,2,4,12.36925983428955
PANN,1,2,4,0.7866012454032898
Naive FFNN,5,2,4,12.872136116027832
PANN,5,2,4,0.027389096096158028
Naive FFNN,10,2,4,12.420746803283691
PANN,10,2,4,0.9068801403045654
Naive FFNN,15,2,4,10.817602157592773
PANN,15,2,4,0.059205520898103714
Naive FFNN,20,2,4,15.9345703125
PANN,20,2,4,0.025107264518737793
Naive FFNN,25,2,4,8.810799598693848
PANN,25,2,4,0.13090121746063232
Naive FFNN,30,2,4,9.351409912109375
PANN,30,2,4,0.03440065309405327
Naive FFNN,35,2,4,9.07903003692627
PANN,35,2,4,0.027035081759095192
Naive FFNN,40,2,4,7.013541221618652
PANN,40,2,4,0.030085796490311623
Naive FFNN,45,2,4,5.068187236785889
PANN,45,2,4,0.025647806003689766
Naive FFNN,50,2,4,4.818568706512451
PANN,50,2,4,0.04550180956721306
Naive FFNN,55,2,4,4.941885948181152
PANN,55,2,4,0.036828406155109406
Naive FFNN,60,2,4,3.494373083114624
PANN,60,2,4,0.021181240677833557
Naive FFNN,65,2,4,4.304296016693115
PANN,65,2,4,0.037418365478515625
Naive FFNN,70,2,4,4.961084365844727
PANN,70,2,4,0.03858542442321777
Naive FFNN,75,2,4,3.2683510780334473
PANN,75,2,4,0.04593922570347786
Naive FFNN,80,2,4,3.4284870624542236
PANN,80,2,4,0.02820298820734024
Naive FFNN,85,2,4,3.2573490142822266
PANN,85,2,4,0.028427427634596825
Naive FFNN,90,2,4,4.558105945587158
PANN,90,2,4,0.023615751415491104
Naive FFNN,95,2,4,2.4942820072174072
PANN,95,2,4,0.05700330436229706
Naive FFNN,1,3,0,12.728106498718262
PANN,1,3,0,0.41236796975135803
Naive FFNN,5,3,0,14.104106903076172
PANN,5,3,0,0.021703878417611122
Naive FFNN,10,3,0,15.956738471984863
PANN,10,3,0,0.029910501092672348
Naive FFNN,15,3,0,10.76008415222168
PANN,15,3,0,0.290462851524353
Naive FFNN,20,3,0,17.07547950744629
PANN,20,3,0,0.03851071745157242
Naive FFNN,25,3,0,9.901381492614746
PANN,25,3,0,0.05071265995502472
Naive FFNN,30,3,0,9.182554244995117
PANN,30,3,0,0.03639034554362297
Naive FFNN,35,3,0,6.472831726074219
PANN,35,3,0,0.020357033237814903
Naive FFNN,40,3,0,7.707077503204346
PANN,40,3,0,0.03466660529375076
Naive FFNN,45,3,0,6.179372787475586
PANN,45,3,0,0.04160299152135849
Naive FFNN,50,3,0,4.545581340789795
PANN,50,3,0,0.03304976969957352
Naive FFNN,55,3,0,5.02011251449585
PANN,55,3,0,0.055380068719387054
Naive FFNN,60,3,0,4.534688949584961
PANN,60,3,0,0.029628125950694084
Naive FFNN,65,3,0,3.8204805850982666
PANN,65,3,0,0.028299016878008842
Naive FFNN,70,3,0,3.992609977722168
PANN,70,3,0,0.03669152781367302
Naive FFNN,75,3,0,3.6171343326568604
PANN,75,3,0,0.031192202121019363
Naive FFNN,80,3,0,4.496243476867676
PANN,80,3,0,0.03621133789420128
Naive FFNN,85,3,0,2.9200384616851807
PANN,85,3,0,0.021479865536093712
Naive FFNN,90,3,0,3.004335880279541
PANN,90,3,0,0.031944502145051956
Naive FFNN,95,3,0,2.39664363861084
PANN,95,3,0,0.031079594045877457
Naive FFNN,1,3,1,12.75055980682373
PANN,1,3,1,0.3896144926548004
Naive FFNN,5,3,1,12.279489517211914
PANN,5,3,1,0.021195145323872566
Naive FFNN,10,3,1,13.79403018951416
PANN,10,3,1,0.08176828175783157
Naive FFNN,15,3,1,11.705111503601074
PANN,15,3,1,0.4161940813064575
Naive FFNN,20,3,1,13.272037506103516
PANN,20,3,1,0.024927541613578796
Naive FFNN,25,3,1,9.343605041503906
PANN,25,3,1,0.07247630506753922
Naive FFNN,30,3,1,8.291272163391113
PANN,30,3,1,0.048949431627988815
Naive FFNN,35,3,1,6.211241722106934
PANN,35,3,1,0.018276335671544075
Naive FFNN,40,3,1,6.40460205078125
PANN,40,3,1,0.04950184375047684
Naive FFNN,45,3,1,6.3805155754089355
PANN,45,3,1,0.024857429787516594
Naive FFNN,50,3,1,3.7167117595672607
PANN,50,3,1,0.028972571715712547
Naive FFNN,55,3,1,4.4653706550598145
PANN,55,3,1,0.05012045055627823
Naive FFNN,60,3,1,5.302823066711426
PANN,60,3,1,0.02702718786895275
Naive FFNN,65,3,1,4.241008281707764
PANN,65,3,1,0.04206085950136185
Naive FFNN,70,3,1,4.11752986907959
PANN,70,3,1,0.017808251082897186
Naive FFNN,75,3,1,3.157912492752075
PANN,75,3,1,0.025450482964515686
Naive FFNN,80,3,1,4.332540035247803
PANN,80,3,1,0.04884430766105652
Naive FFNN,85,3,1,3.100727081298828
PANN,85,3,1,0.06198757141828537
Naive FFNN,90,3,1,2.4919016361236572
PANN,90,3,1,0.029646912589669228
Naive FFNN,95,3,1,1.897040843963623
PANN,95,3,1,0.036613091826438904
Naive FFNN,1,3,2,13.289499282836914
PANN,1,3,2,0.6123690605163574
Naive FFNN,5,3,2,15.202634811401367
PANN,5,3,2,0.08202817291021347
Naive FFNN,10,3,2,16.116357803344727
PANN,10,3,2,0.02779943309724331
Naive FFNN,15,3,2,12.409024238586426
PANN,15,3,2,0.5669688582420349
Naive FFNN,20,3,2,14.32715892791748
PANN,20,3,2,0.02406083233654499
Naive FFNN,25,3,2,10.816065788269043
PANN,25,3,2,0.07700277864933014
Naive FFNN,30,3,2,11.092646598815918
PANN,30,3,2,0.02744426392018795
Naive FFNN,35,3,2,6.924251079559326
PANN,35,3,2,0.023339666426181793
Naive FFNN,40,3,2,7.073330879211426
PANN,40,3,2,0.07403542101383209
Naive FFNN,45,3,2,5.2650299072265625
PANN,45,3,2,0.04820428416132927
Naive FFNN,50,3,2,4.959973335266113
PANN,50,3,2,0.02675364911556244
Naive FFNN,55,3,2,5.175317287445068
PANN,55,3,2,0.034193821251392365
Naive FFNN,60,3,2,5.0139617919921875
PANN,60,3,2,0.02453846111893654
Naive FFNN,65,3,2,3.69207501411438
PANN,65,3,2,0.053469832986593246
Naive FFNN,70,3,2,4.627387046813965
PANN,70,3,2,0.0334172323346138
Naive FFNN,75,3,2,4.3437886238098145
PANN,75,3,2,0.03024810552597046
Naive FFNN,80,3,2,4.004451751708984
PANN,80,3,2,0.05591089650988579
Naive FFNN,85,3,2,3.1249797344207764
PANN,85,3,2,0.0447237491607666
Naive FFNN,90,3,2,3.4057822227478027
PANN,90,3,2,0.02415047213435173
Naive FFNN,95,3,2,2.5597267150878906
PANN,95,3,2,0.021904200315475464
Naive FFNN,1,3,3,13.752606391906738
PANN,1,3,3,0.2310173213481903
Naive FFNN,5,3,3,11.856769561767578
PANN,5,3,3,0.0238815750926733
Naive FFNN,10,3,3,13.44880199432373
PANN,10,3,3,0.025239398702979088
Naive FFNN,15,3,3,11.813998222351074
PANN,15,3,3,0.3879624307155609
Naive FFNN,20,3,3,13.722983360290527
PANN,20,3,3,0.019626419991254807
Naive FFNN,25,3,3,12.099356651306152
PANN,25,3,3,0.062469884753227234
Naive FFNN,30,3,3,7.3482136726379395
PANN,30,3,3,0.04586498811841011
Naive FFNN,35,3,3,5.588051795959473
PANN,35,3,3,0.021804137155413628
Naive FFNN,40,3,3,6.375728130340576
PANN,40,3,3,0.03122784197330475
Naive FFNN,45,3,3,6.207299709320068
PANN,45,3,3,0.024516193196177483
Naive FFNN,50,3,3,4.239381790161133
PANN,50,3,3,0.02265871688723564
Naive FFNN,55,3,3,4.717029571533203
PANN,55,3,3,0.05592601001262665
Naive FFNN,60,3,3,4.580770015716553
PANN,60,3,3,0.027405431494116783
Naive FFNN,65,3,3,3.961143970489502
PANN,65,3,3,0.02442806586623192
Naive FFNN,70,3,3,4.321504592895508
PANN,70,3,3,0.03299175202846527
Naive FFNN,75,3,3,3.1676461696624756
PANN,75,3,3,0.040510401129722595
Naive FFNN,80,3,3,3.3779232501983643
PANN,80,3,3,0.04249773174524307
Naive FFNN,85,3,3,3.0099382400512695
PANN,85,3,3,0.05219872668385506
Naive FFNN,90,3,3,2.6453981399536133
PANN,90,3,3,0.016358360648155212
Naive FFNN,95,3,3,2.512826442718506
PANN,95,3,3,0.020436888560652733
Naive FFNN,1,3,4,13.202237129211426
PANN,1,3,4,0.5334406495094299
Naive FFNN,5,3,4,13.51883602142334
PANN,5,3,4,0.02052745595574379
Naive FFNN,10,3,4,13.222490310668945
PANN,10,3,4,0.03928663954138756
Naive FFNN,15,3,4,11.401689529418945
PANN,15,3,4,0.4238137900829315
Naive FFNN,20,3,4,14.89307689666748
PANN,20,3,4,0.06126664578914642
Naive FFNN,25,3,4,8.89449691772461
PANN,25,3,4,0.060833707451820374
Naive FFNN,30,3,4,7.886067867279053
PANN,30,3,4,0.025197314098477364
Naive FFNN,35,3,4,8.47973346710205
PANN,35,3,4,0.027624627575278282
Naive FFNN,40,3,4,6.303677082061768
PANN,40,3,4,0.045509885996580124
Naive FFNN,45,3,4,5.794785976409912
PANN,45,3,4,0.023462451994419098
Naive FFNN,50,3,4,4.403039455413818
PANN,50,3,4,0.02793128415942192
Naive FFNN,55,3,4,4.338313579559326
PANN,55,3,4,0.056124430149793625
Naive FFNN,60,3,4,5.837583065032959
PANN,60,3,4,0.04327281191945076
Naive FFNN,65,3,4,4.816493988037109
PANN,65,3,4,0.03456079959869385
Naive FFNN,70,3,4,4.242542266845703
PANN,70,3,4,0.0889647901058197
Naive FFNN,75,3,4,3.749539375305176
PANN,75,3,4,0.040196310728788376
Naive FFNN,80,3,4,3.7733969688415527
PANN,80,3,4,0.023205501958727837
Naive FFNN,85,3,4,3.1726996898651123
PANN,85,3,4,0.02751285582780838
Naive FFNN,90,3,4,1.9696828126907349
PANN,90,3,4,0.02890562266111374
Naive FFNN,95,3,4,2.4608232975006104
PANN,95,3,4,0.021251067519187927
Naive FFNN,1,4,0,14.154193878173828
PANN,1,4,0,0.4020615518093109
Naive FFNN,5,4,0,12.129888534545898
PANN,5,4,0,1.0920885801315308
Naive FFNN,10,4,0,13.72643756866455
PANN,10,4,0,1.5192557573318481
Naive FFNN,15,4,0,14.303597450256348
PANN,15,4,0,0.14049263298511505
Naive FFNN,20,4,0,9.941372871398926
PANN,20,4,0,0.7115877270698547
Naive FFNN,25,4,0,9.093317031860352
PANN,25,4,0,0.018028313294053078
Naive FFNN,30,4,0,9.09083366394043
PANN,30,4,0,0.025799090042710304
Naive FFNN,35,4,0,5.7073235511779785
PANN,35,4,0,0.03166252002120018
Naive FFNN,40,4,0,6.1740899085998535
PANN,40,4,0,0.028536932542920113
Naive FFNN,45,4,0,5.959921836853027
PANN,45,4,0,0.20777635276317596
Naive FFNN,50,4,0,7.257665634155273
PANN,50,4,0,0.057174231857061386
Naive FFNN,55,4,0,4.932316303253174
PANN,55,4,0,0.027604181319475174
Naive FFNN,60,4,0,4.851274013519287
PANN,60,4,0,0.019562678411602974
Naive FFNN,65,4,0,5.14310884475708
PANN,65,4,0,0.034224238246679306
Naive FFNN,70,4,0,3.60006046295166
PANN,70,4,0,0.04130100458860397
Naive FFNN,75,4,0,4.056759357452393
PANN,75,4,0,0.023975731804966927
Naive FFNN,80,4,0,3.017695903778076
PANN,80,4,0,0.0389307364821434
Naive FFNN,85,4,0,3.4708900451660156
PANN,85,4,0,0.039382483810186386
Naive FFNN,90,4,0,2.8033664226531982
PANN,90,4,0,0.0364900678396225
Naive FFNN,95,4,0,2.7311785221099854
PANN,95,4,0,0.02954205870628357
Naive FFNN,1,4,1,12.991522789001465
PANN,1,4,1,0.3883044719696045
Naive FFNN,5,4,1,11.683271408081055
PANN,5,4,1,0.8576521873474121
Naive FFNN,10,4,1,13.047089576721191
PANN,10,4,1,1.6431915760040283
Naive FFNN,15,4,1,13.421281814575195
PANN,15,4,1,0.1583353579044342
Naive FFNN,20,4,1,11.046708106994629
PANN,20,4,1,0.5277020931243896
Naive FFNN,25,4,1,10.046747207641602
PANN,25,4,1,0.028560636565089226
Naive FFNN,30,4,1,12.036092758178711
PANN,30,4,1,0.03092287667095661
Naive FFNN,35,4,1,8.041719436645508
PANN,35,4,1,0.04925325885415077
Naive FFNN,40,4,1,6.737405300140381
PANN,40,4,1,0.03269244730472565
Naive FFNN,45,4,1,5.213041305541992
PANN,45,4,1,0.23554179072380066
Naive FFNN,50,4,1,6.506906509399414
PANN,50,4,1,0.03885567560791969
Naive FFNN,55,4,1,4.997615337371826
PANN,55,4,1,0.024173660203814507
Naive FFNN,60,4,1,4.103460311889648
PANN,60,4,1,0.05222688615322113
Naive FFNN,65,4,1,3.886186122894287
PANN,65,4,1,0.03596823662519455
Naive FFNN,70,4,1,4.511085033416748
PANN,70,4,1,0.050169989466667175
Naive FFNN,75,4,1,3.776998996734619
PANN,75,4,1,0.053875621408224106
Naive FFNN,80,4,1,3.333745002746582
PANN,80,4,1,0.023024696856737137
Naive FFNN,85,4,1,2.519678831100464
PANN,85,4,1,0.06777915358543396
Naive FFNN,90,4,1,4.103168964385986
PANN,90,4,1,0.03299741446971893
Naive FFNN,95,4,1,3.6424567699432373
PANN,95,4,1,0.03561771288514137
Naive FFNN,1,4,2,14.942113876342773
PANN,1,4,2,0.40642955899238586
Naive FFNN,5,4,2,14.811014175415039
PANN,5,4,2,0.9703576564788818
Naive FFNN,10,4,2,14.60301685333252
PANN,10,4,2,1.9243216514587402
Naive FFNN,15,4,2,14.717848777770996
PANN,15,4,2,0.09070524573326111
Naive FFNN,20,4,2,9.782618522644043
PANN,20,4,2,0.8073207139968872
Naive FFNN,25,4,2,9.218012809753418
PANN,25,4,2,0.02657836489379406
Naive FFNN,30,4,2,9.366293907165527
PANN,30,4,2,0.031795673072338104
Naive FFNN,35,4,2,9.854986190795898
PANN,35,4,2,0.019558880478143692
Naive FFNN,40,4,2,5.993881702423096
PANN,40,4,2,0.03919282555580139
Naive FFNN,45,4,2,6.2368597984313965
PANN,45,4,2,0.14338096976280212
Naive FFNN,50,4,2,5.505650997161865
PANN,50,4,2,0.09498978406190872
Naive FFNN,55,4,2,5.348374843597412
PANN,55,4,2,0.06699470430612564
Naive FFNN,60,4,2,4.621380805969238
PANN,60,4,2,0.038232821971178055
Naive FFNN,65,4,2,3.6471855640411377
PANN,65,4,2,0.0225629061460495
Naive FFNN,70,4,2,3.9815738201141357
PANN,70,4,2,0.030196538195014
Naive FFNN,75,4,2,3.952549457550049
PANN,75,4,2,0.01859121397137642
Naive FFNN,80,4,2,4.4879069328308105
PANN,80,4,2,0.02677607350051403
Naive FFNN,85,4,2,3.310485363006592
PANN,85,4,2,0.03403709828853607
Naive FFNN,90,4,2,2.491462230682373
PANN,90,4,2,0.03425076976418495
Naive FFNN,95,4,2,3.821531295776367
PANN,95,4,2,0.03473068028688431
Naive FFNN,1,4,3,13.94312858581543
PANN,1,4,3,0.4821939468383789
Naive FFNN,5,4,3,11.813769340515137
PANN,5,4,3,0.39157795906066895
Naive FFNN,10,4,3,13.018168449401855
PANN,10,4,3,1.7256027460098267
Naive FFNN,15,4,3,15.790953636169434
PANN,15,4,3,0.12959906458854675
Naive FFNN,20,4,3,10.306486129760742
PANN,20,4,3,0.44456747174263
Naive FFNN,25,4,3,9.919114112854004
PANN,25,4,3,0.03917023912072182
Naive FFNN,30,4,3,10.524264335632324
PANN,30,4,3,0.03327331319451332
Naive FFNN,35,4,3,6.4961395263671875
PANN,35,4,3,0.044401053339242935
Naive FFNN,40,4,3,5.738102912902832
PANN,40,4,3,0.03403673693537712
Naive FFNN,45,4,3,5.81862211227417
PANN,45,4,3,0.12685057520866394
Naive FFNN,50,4,3,6.493536949157715
PANN,50,4,3,0.04278823360800743
Naive FFNN,55,4,3,5.861110210418701
PANN,55,4,3,0.02753688022494316
Naive FFNN,60,4,3,5.500918388366699
PANN,60,4,3,0.02742834761738777
Naive FFNN,65,4,3,3.7274816036224365
PANN,65,4,3,0.021925924345850945
Naive FFNN,70,4,3,4.725837707519531
PANN,70,4,3,0.03537622466683388
Naive FFNN,75,4,3,4.472145080566406
PANN,75,4,3,0.018970690667629242
Naive FFNN,80,4,3,3.1894044876098633
PANN,80,4,3,0.028722023591399193
Naive FFNN,85,4,3,2.897287130355835
PANN,85,4,3,0.05651131272315979
Naive FFNN,90,4,3,2.930549144744873
PANN,90,4,3,0.04881087318062782
Naive FFNN,95,4,3,2.5284035205841064
PANN,95,4,3,0.027882257476449013
Naive FFNN,1,4,4,14.48865032196045
PANN,1,4,4,0.507104754447937
Naive FFNN,5,4,4,11.851825714111328
PANN,5,4,4,0.7980432510375977
Naive FFNN,10,4,4,15.459172248840332
PANN,10,4,4,0.9725788235664368
Naive FFNN,15,4,4,15.046204566955566
PANN,15,4,4,0.06516056507825851
Naive FFNN,20,4,4,10.068598747253418
PANN,20,4,4,0.7197303175926208
Naive FFNN,25,4,4,7.763883113861084
PANN,25,4,4,0.04707322269678116
Naive FFNN,30,4,4,8.041313171386719
PANN,30,4,4,0.03470505028963089
Naive FFNN,35,4,4,6.638399600982666
PANN,35,4,4,0.03307701647281647
Naive FFNN,40,4,4,6.3314924240112305
PANN,40,4,4,0.029543254524469376
Naive FFNN,45,4,4,5.303861141204834
PANN,45,4,4,0.10459210723638535
Naive FFNN,50,4,4,4.894874572753906
PANN,50,4,4,0.0237748920917511
Naive FFNN,55,4,4,5.189068794250488
PANN,55,4,4,0.02231031470000744
Naive FFNN,60,4,4,4.639841556549072
PANN,60,4,4,0.022698331624269485
Naive FFNN,65,4,4,3.9378645420074463
PANN,65,4,4,0.026155468076467514
Naive FFNN,70,4,4,3.804412364959717
PANN,70,4,4,0.026153884828090668
Naive FFNN,75,4,4,4.465212821960449
PANN,75,4,4,0.02692212536931038
Naive FFNN,80,4,4,3.2364227771759033
PANN,80,4,4,0.023692907765507698
Naive FFNN,85,4,4,2.8251054286956787
PANN,85,4,4,0.03238113224506378
Naive FFNN,90,4,4,2.475743532180786
PANN,90,4,4,0.04124784097075462
Naive FFNN,95,4,4,2.697892665863037
PANN,95,4,4,0.03885657712817192
